empty\B1.jpg	empty
empty\B14.jpg	empty
empty\B14_2.jpg	empty
empty\B20.jpg	empty
empty\B20_2.jpg	empty
empty\B20_3.jpg	empty
empty\B20_4.jpg	empty
empty\B20_5.jpg	empty
empty\B3.jpg	empty
empty\B3_2.jpg	empty
empty\B3_3.jpg	empty
empty\B3_4.jpg	empty
empty\B3_5.jpg	empty
empty\B4.jpg	empty
empty\B4_2.jpg	empty
empty\B4_3.jpg	empty
empty\B4_4.jpg	empty
empty\B4_5.jpg	empty
empty\B5.jpg	empty
empty\B5_2.jpg	empty
empty\B7.jpg	empty
empty\B7_2.jpg	empty
empty\B8.jpg	empty
empty\B8_2.jpg	empty
empty\C10_4.jpg	empty
empty\C10_5.jpg	empty
empty\C12.jpg	empty
empty\C12_4.jpg	empty
empty\C6.jpg	empty
empty\C6_2.jpg	empty
empty\C6_3.jpg	empty
empty\C6_4.jpg	empty
empty\C6_5.jpg	empty
empty\C7.jpg	empty
empty\C7_2.jpg	empty
empty\C7_3.jpg	empty
empty\C7_4.jpg	empty
empty\C7_5.jpg	empty
empty\C8_3.jpg	empty
empty\C8_4.jpg	empty
empty\C8_5.jpg	empty
empty\C9_3.jpg	empty
empty\C9_4.jpg	empty
empty\C9_5.jpg	empty
empty\D13_2.jpg	empty
empty\D13_5.jpg	empty
empty\D15.jpg	empty
empty\D1_4.jpg	empty
empty\D4.jpg	empty
empty\D4_2.jpg	empty
empty\D5.jpg	empty
empty\E12_5.jpg	empty
full\A1.jpg	full
full\A10.jpg	full
full\A10_2.jpg	full
full\A11.jpg	full
full\A11_2.jpg	full
full\A12.jpg	full
full\A12_2.jpg	full
full\A13.jpg	full
full\A13_2.jpg	full
full\A14.jpg	full
full\A14_2.jpg	full
full\A15.jpg	full
full\A15_2.jpg	full
full\A1_2.jpg	full
full\A2.jpg	full
full\A2_2.jpg	full
full\A3.jpg	full
full\A3_2.jpg	full
full\A4.jpg	full
full\A4_2.jpg	full
full\A5.jpg	full
full\A5_2.jpg	full
full\A6.jpg	full
full\A6_2.jpg	full
full\A7.jpg	full
full\A7_2.jpg	full
full\A8.jpg	full
full\A8_2.jpg	full
full\A9.jpg	full
full\A9_2.jpg	full
full\B10.jpg	full
full\B10_2.jpg	full
full\B11.jpg	full
full\B11_2.jpg	full
full\B12.jpg	full
full\B12_2.jpg	full
full\B13.jpg	full
full\B13_2.jpg	full
full\B15.jpg	full
full\B15_2.jpg	full
full\B16.jpg	full
full\B16_2.jpg	full
full\B17.jpg	full
full\B17_2.jpg	full
full\B18.jpg	full
full\B18_2.jpg	full
full\B18_3.jpg	full
full\B19.jpg	full
full\B19_2.jpg	full
full\B1_2.jpg	full
full\B2.jpg	full
full\B2_2.jpg	full
full\B6.jpg	full
full\B6_2.jpg	full
full\B9.jpg	full
full\B9_2.jpg	full
full\C1.jpg	full
full\C10.jpg	full
full\C10_2.jpg	full
full\C11.jpg	full
full\C11_2.jpg	full
full\C12_2.jpg	full
full\C13.jpg	full
full\C13_2.jpg	full
full\C14.jpg	full
full\C14_2.jpg	full
full\C15.jpg	full
full\C15_2.jpg	full
full\C16.jpg	full
full\C16_2.jpg	full
full\C1_2.jpg	full
full\C2.jpg	full
full\C2_2.jpg	full
full\C3.jpg	full
full\C3_2.jpg	full
full\C4.jpg	full
full\C4_2.jpg	full
full\C5.jpg	full
full\C5_2.jpg	full
full\C8.jpg	full
full\C8_2.jpg	full
full\C9.jpg	full
full\C9_2.jpg	full
full\D1.jpg	full
full\D10.jpg	full
full\D10_2.jpg	full
full\D11.jpg	full
full\D11_2.jpg	full
full\D12.jpg	full
full\D12_2.jpg	full
full\D13.jpg	full
full\D14.jpg	full
full\D14_2.jpg	full
full\D15_2.jpg	full
full\D1_2.jpg	full
full\D2.jpg	full
full\D2_2.jpg	full
full\D3.jpg	full
full\D3_2.jpg	full
full\D5_2.jpg	full
full\D6.jpg	full
full\D6_2.jpg	full
full\D7.jpg	full
full\D8.jpg	full
full\D8_2.jpg	full
full\D9.jpg	full
full\D9_2.jpg	full
full\E1.jpg	full
full\E10.jpg	full
full\E10_2.jpg	full
full\E11.jpg	full
full\E11_2.jpg	full
full\E12.jpg	full
full\E12_2.jpg	full
full\E13.jpg	full
full\E13_2.jpg	full
full\E1_2.jpg	full
full\E2.jpg	full
full\E2_2.jpg	full
full\E3.jpg	full
full\E4.jpg	full
full\E5.jpg	full
full\E6.jpg	full
full\E7.jpg	full
full\E7_2.jpg	full
full\E8.jpg	full
full\E8_2.jpg	full
full\E9.jpg	full
full\E9_2.jpg	full
full\B2_6.jpg	full
full\B2_7.jpg	full
obstruction\A10_4.jpg	obstruction
obstruction\A11_4.jpg	obstruction
obstruction\A12_4.jpg	obstruction
obstruction\A13_4.jpg	obstruction
obstruction\A14_4.jpg	obstruction
obstruction\A15_4.jpg	obstruction
obstruction\A1_4.jpg	obstruction
obstruction\A2_4.jpg	obstruction
obstruction\A6_4.jpg	obstruction
obstruction\A7_4.jpg	obstruction
obstruction\A9_4.jpg	obstruction
obstruction\B10_4.jpg	obstruction
obstruction\B11_4.jpg	obstruction
obstruction\B13_4.jpg	obstruction
obstruction\B14_4.jpg	obstruction
obstruction\B15_4.jpg	obstruction
obstruction\B16_4.jpg	obstruction
obstruction\B17_4.jpg	obstruction
obstruction\B18_4.jpg	obstruction
obstruction\B19_4.jpg	obstruction
obstruction\B1_4.jpg	obstruction
obstruction\B20_4.jpg	obstruction
obstruction\B2_4.jpg	obstruction
obstruction\B4_4.jpg	obstruction
obstruction\B6_4.jpg	obstruction
obstruction\B8_4.jpg	obstruction
obstruction\B9_4.jpg	obstruction
obstruction\C11_3.jpg	obstruction
obstruction\C13_4.jpg	obstruction
obstruction\C1_4.jpg	obstruction
obstruction\D11_3.jpg	obstruction
obstruction\D13_4.jpg	obstruction
obstruction\D14_3.jpg	obstruction
obstruction\D15_3.jpg	obstruction
obstruction\D7_2.jpg	obstruction
obstruction\D7_4.jpg	obstruction
obstruction\E10_3.jpg	obstruction
obstruction\E11_3.jpg	obstruction
obstruction\E12_4.jpg	obstruction
obstruction\E13_3.jpg	obstruction
obstruction\E3_2.jpg	obstruction
obstruction\E4_2.jpg	obstruction
obstruction\E5_2.jpg	obstruction
obstruction\E6_2.jpg	obstruction
obstruction\E8_3.jpg	obstruction
obstruction\E9_3.jpg	obstruction
obstruction\C8.jpg	obstruction
obstruction\C7.jpg	obstruction